,TRANSACTION_ID,TX_DATETIME,CUSTOMER_ID,TERMINAL_ID,TX_AMOUNT,TX_TIME_SECONDS,TX_TIME_DAYS,TX_FRAUD,TX_FRAUD_SCENARIO
0,0,2018-04-01 01:11:00,8,8,2.08,4260,0,0,0
1,1,2018-04-01 04:00:12,38,93,11.13,14412,0,0,0
2,2,2018-04-01 04:06:08,35,51,65.09,14768,0,0,0
3,3,2018-04-01 04:31:00,28,17,84.23,16260,0,0,0
4,4,2018-04-01 05:04:21,25,17,11.32,18261,0,0,0
5,5,2018-04-01 05:05:03,22,65,19.85,18303,0,0,0
6,6,2018-04-01 05:51:21,1,5,8.04,21081,0,0,0
7,7,2018-04-01 06:54:28,37,54,39.03,24868,0,0,0
8,8,2018-04-01 07:12:52,37,54,28.51,25972,0,0,0
9,9,2018-04-01 07:19:05,0,87,123.59,26345,0,0,0
10,10,2018-04-01 07:28:08,32,17,69.86,26888,0,0,0
11,11,2018-04-01 07:32:36,1,5,36.12,27156,0,0,0
12,12,2018-04-01 07:32:39,35,51,63.17,27159,0,0,0
13,13,2018-04-01 07:48:51,38,78,29.12,28131,0,0,0
14,14,2018-04-01 08:11:47,40,31,107.77,29507,0,0,0
15,15,2018-04-01 08:18:37,37,54,22.16,29917,0,0,0
16,16,2018-04-01 08:29:16,45,93,58.7,30556,0,0,0
17,17,2018-04-01 10:20:55,38,93,27.83,37255,0,0,0
18,18,2018-04-01 10:26:46,29,62,157.87,37606,0,0,0
19,19,2018-04-01 10:29:45,41,79,6.43,37785,0,0,0
20,20,2018-04-01 10:46:51,22,65,39.49,38811,0,0,0
21,21,2018-04-01 10:55:58,38,93,13.64,39358,0,0,0
22,22,2018-04-01 11:08:01,15,2,50.45,40081,0,0,0
23,23,2018-04-01 11:15:03,25,88,37.99,40503,0,0,0
24,24,2018-04-01 11:25:20,45,93,36.15,41120,0,0,0
25,25,2018-04-01 11:28:50,46,34,79.84,41330,0,0,0
26,26,2018-04-01 11:35:36,46,52,40.08,41736,0,0,0
27,27,2018-04-01 11:52:13,5,79,69.4,42733,0,0,0
28,28,2018-04-01 12:05:40,14,88,63.93,43540,0,0,0
29,29,2018-04-01 12:38:40,33,64,67.76,45520,0,0,0
30,30,2018-04-01 12:57:40,32,17,85.36,46660,0,0,0
31,31,2018-04-01 13:56:58,25,88,47.68,50218,0,0,0
32,32,2018-04-01 14:17:21,46,34,50.96,51441,0,0,0
33,33,2018-04-01 14:19:50,14,88,1.36,51590,0,0,0
34,34,2018-04-01 15:17:59,33,64,47.78,55079,0,0,0
35,35,2018-04-01 15:41:42,49,26,20.09,56502,0,1,2
36,36,2018-04-01 16:14:52,37,54,25.55,58492,0,0,0
37,37,2018-04-01 16:24:56,8,46,10.1,59096,0,0,0
38,38,2018-04-01 18:00:16,0,29,77.34,64816,0,0,0
39,39,2018-04-01 18:22:57,35,38,73.54,66177,0,0,0
40,40,2018-04-01 18:43:12,38,78,33.02,67392,0,0,0
41,41,2018-04-01 19:02:02,0,87,46.51,68522,0,0,0
42,42,2018-04-01 19:28:39,28,17,310.75,70119,0,1,3
43,43,2018-04-01 19:35:51,5,79,62.88,70551,0,0,0
44,44,2018-04-01 21:35:56,8,46,14.26,77756,0,0,0
45,45,2018-04-01 21:36:36,29,40,103.09,77796,0,0,0
46,46,2018-04-01 21:56:07,25,17,0.59,78967,0,0,0
47,47,2018-04-02 01:09:14,28,17,86.78,90554,1,0,0
48,48,2018-04-02 03:34:13,9,84,71.42,99253,1,1,2
49,49,2018-04-02 03:47:45,38,78,14.78,100065,1,0,0
50,50,2018-04-02 04:38:25,37,54,18.34,103105,1,0,0
51,51,2018-04-02 04:42:58,38,93,8.5,103378,1,0,0
52,52,2018-04-02 05:22:24,5,79,43.84,105744,1,0,0
53,53,2018-04-02 06:08:25,47,17,81.33,108505,1,0,0
54,54,2018-04-02 06:20:59,40,31,343.40000000000003,109259,1,1,3
55,55,2018-04-02 06:21:57,33,64,45.9,109317,1,0,0
56,56,2018-04-02 06:41:42,25,88,128.12,110502,1,0,0
57,57,2018-04-02 07:09:57,31,8,7.14,112197,1,0,0
58,58,2018-04-02 07:11:06,29,62,44.96,112266,1,0,0
59,59,2018-04-02 07:16:46,35,51,240.0,112606,1,1,3
60,60,2018-04-02 07:45:53,43,82,34.41,114353,1,0,0
61,61,2018-04-02 07:47:01,22,99,45.81,114421,1,0,0
62,62,2018-04-02 08:48:23,32,88,67.35,118103,1,0,0
63,63,2018-04-02 08:51:06,0,87,54.72,118266,1,0,0
64,64,2018-04-02 08:53:33,31,8,6.53,118413,1,0,0
65,65,2018-04-02 09:04:46,37,54,7.88,119086,1,0,0
66,66,2018-04-02 09:05:28,8,8,2.19,119128,1,0,0
67,67,2018-04-02 09:12:47,8,8,6.08,119567,1,0,0
68,68,2018-04-02 09:16:53,37,54,20.17,119813,1,0,0
69,69,2018-04-02 09:33:56,40,31,458.75,120836,1,1,3
70,70,2018-04-02 09:46:26,19,24,18.88,121586,1,0,0
71,71,2018-04-02 09:53:52,9,84,71.88,122032,1,1,2
72,72,2018-04-02 10:00:48,28,17,35.35,122448,1,0,0
73,73,2018-04-02 10:46:24,28,17,100.91,125184,1,0,0
74,74,2018-04-02 10:53:39,40,31,133.4,125619,1,1,3
75,75,2018-04-02 11:09:16,33,64,110.59,126556,1,0,0
76,76,2018-04-02 11:21:14,34,29,90.07,127274,1,0,0
77,77,2018-04-02 11:36:48,25,17,121.8,128208,1,0,0
78,78,2018-04-02 11:50:07,37,54,20.0,129007,1,0,0
79,79,2018-04-02 11:53:14,29,48,115.6,129194,1,0,0
80,80,2018-04-02 12:06:11,35,51,76.93,129971,1,0,0
81,81,2018-04-02 12:06:34,38,93,13.17,129994,1,0,0
82,82,2018-04-02 12:18:01,40,31,83.09,130681,1,0,0
83,83,2018-04-02 13:02:32,5,79,40.79,133352,1,0,0
84,84,2018-04-02 13:11:35,37,54,22.35,133895,1,0,0
85,85,2018-04-02 13:19:07,38,93,6.04,134347,1,0,0
86,86,2018-04-02 13:26:43,38,93,12.08,134803,1,0,0
87,87,2018-04-02 13:53:12,49,26,11.73,136392,1,1,2
88,88,2018-04-02 14:05:38,0,87,63.3,137138,1,0,0
89,89,2018-04-02 14:35:37,37,54,29.57,138937,1,0,0
90,90,2018-04-02 14:35:48,35,38,54.15,138948,1,0,0
91,91,2018-04-02 14:49:29,38,78,12.6,139769,1,0,0
92,92,2018-04-02 14:57:56,1,5,44.43,140276,1,0,0
93,93,2018-04-02 15:08:06,1,5,33.38,140886,1,0,0
94,94,2018-04-02 15:13:02,0,87,32.35,141182,1,0,0
95,95,2018-04-02 15:16:05,40,31,106.17,141365,1,0,0
96,96,2018-04-02 15:25:41,38,93,12.27,141941,1,0,0
97,97,2018-04-02 15:46:51,0,87,13.59,143211,1,0,0
98,98,2018-04-02 16:03:19,1,5,55.26,144199,1,0,0
99,99,2018-04-02 16:55:50,29,62,110.08,147350,1,0,0
100,100,2018-04-02 17:08:04,47,41,56.55,148084,1,0,0
101,101,2018-04-02 17:26:51,3,65,11.91,149211,1,0,0
102,102,2018-04-02 17:35:34,22,65,21.86,149734,1,0,0
103,103,2018-04-02 18:29:20,37,54,14.2,152960,1,0,0
104,104,2018-04-02 18:50:39,29,40,126.79,154239,1,0,0
105,105,2018-04-02 19:17:40,22,65,39.78,155860,1,0,0
106,106,2018-04-02 20:07:22,1,5,13.08,158842,1,0,0
107,107,2018-04-02 20:24:47,0,87,51.89,159887,1,0,0
108,108,2018-04-02 20:35:30,31,46,3.14,160530,1,0,0
109,109,2018-04-02 20:41:42,46,34,42.78,160902,1,0,0
110,110,2018-04-02 21:38:04,29,48,25.94,164284,1,0,0
111,111,2018-04-02 22:01:48,32,17,78.25,165708,1,0,0
112,112,2018-04-03 01:15:09,40,31,450.15,177309,2,1,3
113,113,2018-04-03 02:48:48,38,93,24.99,182928,2,0,0
114,114,2018-04-03 03:36:16,5,79,64.59,185776,2,0,0
115,115,2018-04-03 03:57:36,40,31,10.57,187056,2,0,0
116,116,2018-04-03 04:12:16,40,31,74.66,187936,2,0,0
117,117,2018-04-03 05:09:43,8,8,1.58,191383,2,0,0
118,118,2018-04-03 05:57:09,22,65,35.68,194229,2,0,0
119,119,2018-04-03 06:07:14,1,5,61.85,194834,2,0,0
120,120,2018-04-03 06:13:45,35,38,27.52,195225,2,0,0
121,121,2018-04-03 06:13:59,1,5,23.06,195239,2,0,0
122,122,2018-04-03 06:18:18,35,51,246.45,195498,2,1,3
123,123,2018-04-03 06:22:32,38,93,31.98,195752,2,0,0
124,124,2018-04-03 06:33:07,5,79,27.92,196387,2,0,0
125,125,2018-04-03 07:16:38,1,5,68.94,198998,2,0,0
126,126,2018-04-03 07:41:24,0,29,93.26,200484,2,0,0
127,127,2018-04-03 08:11:36,8,8,0.58,202296,2,0,0
128,128,2018-04-03 08:23:13,28,88,71.35,202993,2,0,0
129,129,2018-04-03 08:24:38,22,65,41.21,203078,2,0,0
130,130,2018-04-03 08:28:32,29,48,99.45,203312,2,0,0
131,131,2018-04-03 08:50:09,0,29,67.72,204609,2,0,0
132,132,2018-04-03 09:00:25,28,88,99.63,205225,2,0,0
133,133,2018-04-03 09:15:40,25,88,85.77,206140,2,0,0
134,134,2018-04-03 09:25:49,0,29,28.46,206749,2,0,0
135,135,2018-04-03 09:26:39,3,65,11.41,206799,2,0,0
136,136,2018-04-03 09:28:20,35,38,353.05,206900,2,1,3
137,137,2018-04-03 09:33:31,46,34,91.16,207211,2,0,0
138,138,2018-04-03 09:47:04,40,31,28.2,208024,2,0,0
139,139,2018-04-03 09:52:07,33,64,104.87,208327,2,0,0
140,140,2018-04-03 09:54:26,46,34,58.78,208466,2,0,0
141,141,2018-04-03 09:56:39,38,93,3.43,208599,2,0,0
142,142,2018-04-03 10:04:31,43,82,98.71,209071,2,0,0
143,143,2018-04-03 10:09:24,29,62,186.77,209364,2,0,0
144,144,2018-04-03 10:21:46,47,41,150.7,210106,2,1,3
145,145,2018-04-03 10:47:31,1,5,50.26,211651,2,0,0
146,146,2018-04-03 10:47:42,34,29,65.68,211662,2,0,0
147,147,2018-04-03 10:57:54,14,90,49.66,212274,2,0,0
148,148,2018-04-03 11:16:25,49,26,9.07,213385,2,1,2
149,149,2018-04-03 11:21:06,29,48,182.35,213666,2,0,0
150,150,2018-04-03 11:30:21,32,17,92.92,214221,2,0,0
151,151,2018-04-03 12:15:47,0,87,117.91,216947,2,0,0
152,152,2018-04-03 12:52:29,40,31,157.6,219149,2,1,3
153,153,2018-04-03 13:51:53,25,88,52.78,222713,2,0,0
154,154,2018-04-03 14:01:01,22,65,45.06,223261,2,0,0
155,155,2018-04-03 14:09:43,32,17,50.17,223783,2,0,0
156,156,2018-04-03 14:27:13,49,26,12.55,224833,2,1,2
157,157,2018-04-03 14:27:33,18,34,98.68,224853,2,0,0
158,158,2018-04-03 14:48:32,32,88,37.74,226112,2,0,0
159,159,2018-04-03 15:06:55,40,31,40.98,227215,2,0,0
160,160,2018-04-03 15:20:17,41,79,6.85,228017,2,0,0
161,161,2018-04-03 15:31:57,9,84,177.01,228717,2,1,2
162,162,2018-04-03 15:33:14,0,87,50.25,228794,2,0,0
163,163,2018-04-03 15:50:01,33,64,41.87,229801,2,0,0
164,164,2018-04-03 15:54:50,35,51,160.45000000000002,230090,2,1,3
165,165,2018-04-03 16:04:17,35,51,16.55,230657,2,0,0
166,166,2018-04-03 16:18:55,40,31,78.23,231535,2,0,0
167,167,2018-04-03 16:39:13,8,8,4.62,232753,2,0,0
168,168,2018-04-03 16:51:08,1,5,43.98,233468,2,0,0
169,169,2018-04-03 17:48:54,22,99,46.36,236934,2,0,0
170,170,2018-04-03 18:23:47,5,79,94.2,239027,2,0,0
171,171,2018-04-03 18:44:58,35,51,12.84,240298,2,0,0
172,172,2018-04-03 19:00:57,43,82,62.74,241257,2,0,0
173,173,2018-04-03 19:23:04,24,74,51.5,242584,2,0,0
174,174,2018-04-03 21:07:11,25,17,10.99,248831,2,0,0
175,175,2018-04-03 21:25:55,40,31,99.77,249955,2,0,0
176,176,2018-04-04 00:08:55,40,31,78.51,259735,3,0,0
177,177,2018-04-04 00:36:51,37,54,15.01,261411,3,0,0
178,178,2018-04-04 01:13:29,25,17,79.11,263609,3,0,0
179,179,2018-04-04 01:15:35,0,29,46.4,263735,3,0,0
180,180,2018-04-04 01:31:33,25,17,83.94,264693,3,0,0
181,181,2018-04-04 03:48:53,45,93,83.83,272933,3,1,2
182,182,2018-04-04 04:18:48,46,34,35.09,274728,3,0,0
183,183,2018-04-04 05:00:54,34,29,86.68,277254,3,0,0
184,184,2018-04-04 05:47:33,1,5,52.03,280053,3,0,0
185,185,2018-04-04 06:23:07,49,26,0.8,282187,3,1,2
186,186,2018-04-04 06:49:13,47,41,113.14999999999999,283753,3,1,3
187,187,2018-04-04 07:04:29,22,99,32.85,284669,3,0,0
188,188,2018-04-04 07:14:44,41,79,4.3,285284,3,0,0
189,189,2018-04-04 08:04:50,25,88,88.49,288290,3,0,0
190,190,2018-04-04 08:19:51,38,78,34.72,289191,3,0,0
191,191,2018-04-04 08:28:51,25,17,84.07,289731,3,0,0
192,192,2018-04-04 09:09:40,34,29,93.42,292180,3,0,0
193,193,2018-04-04 09:11:25,29,40,51.68,292285,3,0,0
194,194,2018-04-04 09:12:20,25,17,66.4,292340,3,0,0
195,195,2018-04-04 09:33:58,0,87,23.26,293638,3,0,0
196,196,2018-04-04 10:13:42,11,44,24.87,296022,3,0,0
197,197,2018-04-04 10:14:34,24,66,42.26,296074,3,0,0
198,198,2018-04-04 10:41:23,29,48,111.58,297683,3,0,0
199,199,2018-04-04 10:57:42,35,38,18.95,298662,3,0,0
200,200,2018-04-04 10:59:53,14,90,64.59,298793,3,0,0
201,201,2018-04-04 11:09:02,34,29,60.46,299342,3,0,0
202,202,2018-04-04 11:14:17,9,84,156.07,299657,3,1,2
203,203,2018-04-04 11:33:43,22,99,16.13,300823,3,0,0
204,204,2018-04-04 11:54:46,45,93,67.6,302086,3,1,2
205,205,2018-04-04 12:08:37,38,78,12.86,302917,3,0,0
206,206,2018-04-04 12:33:59,22,65,30.84,304439,3,0,0
207,207,2018-04-04 12:47:27,49,26,13.63,305247,3,1,2
208,208,2018-04-04 13:01:00,35,51,42.51,306060,3,0,0
209,209,2018-04-04 13:09:35,9,84,110.2,306575,3,1,2
210,210,2018-04-04 13:24:08,19,24,8.9,307448,3,0,0
211,211,2018-04-04 13:35:58,31,46,6.38,308158,3,0,0
212,212,2018-04-04 13:49:09,29,40,105.88,308949,3,0,0
213,213,2018-04-04 14:19:19,28,17,296.65,310759,3,1,3
214,214,2018-04-04 14:21:29,34,29,43.01,310889,3,0,0
215,215,2018-04-04 14:30:57,35,38,32.78,311457,3,0,0
216,216,2018-04-04 14:46:04,38,78,17.16,312364,3,0,0
217,217,2018-04-04 14:51:44,38,93,27.5,312704,3,1,2
218,218,2018-04-04 14:52:07,9,84,77.84,312727,3,1,2
219,219,2018-04-04 15:37:04,5,79,25.33,315424,3,0,0
220,220,2018-04-04 15:45:05,9,84,96.17,315905,3,1,2
221,221,2018-04-04 15:49:35,25,88,82.96,316175,3,0,0
222,222,2018-04-04 16:01:18,37,54,19.76,316878,3,0,0
223,223,2018-04-04 16:50:28,35,51,120.35,319828,3,1,3
224,224,2018-04-04 17:06:02,9,84,563.3,320762,3,1,3
225,225,2018-04-04 17:27:26,35,38,102.44999999999999,322046,3,1,3
226,226,2018-04-04 18:41:01,28,17,1866.0,326461,3,1,3
227,227,2018-04-04 19:10:14,8,8,8.32,328214,3,0,0
228,228,2018-04-04 20:16:29,38,93,10.83,332189,3,1,2
229,229,2018-04-04 21:13:16,1,5,63.85,335596,3,0,0
230,230,2018-04-04 23:40:59,38,93,11.25,344459,3,1,2
231,231,2018-04-05 01:18:55,22,99,42.31,350335,4,0,0
232,232,2018-04-05 01:29:13,38,78,18.02,350953,4,0,0
233,233,2018-04-05 05:23:13,34,29,99.75,364993,4,0,0
234,234,2018-04-05 05:29:17,14,88,69.91,365357,4,0,0
235,235,2018-04-05 06:10:36,22,65,23.03,367836,4,0,0
236,236,2018-04-05 06:33:37,46,52,34.18,369217,4,0,0
237,237,2018-04-05 06:39:33,25,17,14.12,369573,4,0,0
238,238,2018-04-05 06:55:34,9,84,83.9,370534,4,1,2
239,239,2018-04-05 07:35:38,37,54,36.08,372938,4,0,0
240,240,2018-04-05 07:41:19,0,87,52.69,373279,4,0,0
241,241,2018-04-05 08:06:17,46,34,55.62,374777,4,0,0
242,242,2018-04-05 08:06:45,28,88,84.49,374805,4,0,0
243,243,2018-04-05 08:50:52,22,65,26.8,377452,4,0,0
244,244,2018-04-05 08:51:29,25,88,95.42,377489,4,0,0
245,245,2018-04-05 09:48:03,5,79,86.08,380883,4,0,0
246,246,2018-04-05 10:19:37,37,54,17.02,382777,4,0,0
247,247,2018-04-05 10:31:23,45,93,48.55,383483,4,1,2
248,248,2018-04-05 10:34:12,29,48,45.84,383652,4,0,0
249,249,2018-04-05 10:40:50,14,90,2.66,384050,4,0,0
250,250,2018-04-05 10:50:27,32,17,60.91,384627,4,0,0
251,251,2018-04-05 11:15:38,49,26,9.32,386138,4,1,2
252,252,2018-04-05 11:21:14,35,51,99.94,386474,4,0,0
253,253,2018-04-05 11:52:01,5,79,78.85,388321,4,0,0
254,254,2018-04-05 11:54:47,5,79,76.52,388487,4,0,0
255,255,2018-04-05 12:16:56,1,5,31.74,389816,4,0,0
256,256,2018-04-05 12:20:09,37,54,22.63,390009,4,0,0
257,257,2018-04-05 12:22:11,37,54,22.68,390131,4,0,0
258,258,2018-04-05 12:25:04,18,34,65.39,390304,4,0,0
259,259,2018-04-05 12:28:33,45,93,4.25,390513,4,1,2
260,260,2018-04-05 12:34:31,46,34,67.48,390871,4,0,0
261,261,2018-04-05 12:35:30,28,17,346.8,390930,4,1,3
262,262,2018-04-05 12:40:03,1,5,60.94,391203,4,0,0
263,263,2018-04-05 13:02:29,41,79,4.91,392549,4,0,0
264,264,2018-04-05 13:03:38,1,5,95.48,392618,4,0,0
265,265,2018-04-05 13:17:03,49,26,13.6,393423,4,1,2
266,266,2018-04-05 13:22:35,5,79,58.06,393755,4,0,0
267,267,2018-04-05 13:27:11,5,79,36.94,394031,4,0,0
268,268,2018-04-05 13:29:46,9,84,148.16,394186,4,1,2
269,269,2018-04-05 13:35:55,40,31,337.35,394555,4,1,3
270,270,2018-04-05 13:44:10,25,17,31.42,395050,4,0,0
271,271,2018-04-05 13:44:31,25,88,92.51,395071,4,0,0
272,272,2018-04-05 13:51:29,33,64,83.44,395489,4,0,0
273,273,2018-04-05 14:25:32,47,41,299.3,397532,4,1,3
274,274,2018-04-05 15:12:37,25,88,93.76,400357,4,0,0
275,275,2018-04-05 16:19:09,0,29,71.96,404349,4,0,0
276,276,2018-04-05 16:40:21,25,88,136.77,405621,4,0,0
277,277,2018-04-05 17:36:25,14,90,81.17,408985,4,0,0
278,278,2018-04-05 18:31:38,38,78,17.97,412298,4,0,0
279,279,2018-04-05 19:40:45,29,40,32.7,416445,4,0,0
280,280,2018-04-05 22:04:24,35,38,54.48,425064,4,0,0
281,281,2018-04-06 02:20:40,37,54,34.5,440440,5,0,0
282,282,2018-04-06 02:46:48,38,93,17.32,442008,5,1,2
283,283,2018-04-06 03:13:42,28,17,3037.5,443622,5,1,3
284,284,2018-04-06 04:35:31,8,8,6.01,448531,5,0,0
285,285,2018-04-06 05:01:34,8,46,8.69,450094,5,0,0
286,286,2018-04-06 06:03:11,34,29,26.6,453791,5,0,0
287,287,2018-04-06 06:16:31,40,31,144.57,454591,5,0,0
288,288,2018-04-06 06:33:50,35,38,222.7,455630,5,1,3
289,289,2018-04-06 06:37:34,25,17,93.25,455854,5,0,0
290,290,2018-04-06 07:16:17,25,17,90.8,458177,5,0,0
291,291,2018-04-06 07:21:54,37,54,15.3,458514,5,0,0
292,292,2018-04-06 08:10:08,5,79,34.74,461408,5,0,0
293,293,2018-04-06 08:30:46,22,99,26.92,462646,5,0,0
294,294,2018-04-06 08:31:10,25,88,81.09,462670,5,0,0
295,295,2018-04-06 08:39:10,28,17,101.3,463150,5,0,0
296,296,2018-04-06 08:43:52,38,78,6.84,463432,5,0,0
297,297,2018-04-06 08:43:57,40,31,88.11,463437,5,0,0
298,298,2018-04-06 08:56:22,25,17,71.67,464182,5,0,0
299,299,2018-04-06 09:08:59,35,51,452.95000000000005,464939,5,1,3
300,300,2018-04-06 09:11:55,33,64,85.21,465115,5,0,0
301,301,2018-04-06 09:15:24,33,64,58.27,465324,5,0,0
302,302,2018-04-06 09:41:17,1,5,75.68,466877,5,0,0
303,303,2018-04-06 09:44:07,29,62,37.94,467047,5,0,0
304,304,2018-04-06 09:57:49,0,29,61.39,467869,5,0,0
305,305,2018-04-06 10:14:22,49,26,17.32,468862,5,1,2
306,306,2018-04-06 10:19:34,37,54,37.88,469174,5,0,0
307,307,2018-04-06 10:20:45,34,29,99.15,469245,5,0,0
308,308,2018-04-06 10:25:05,38,93,7.65,469505,5,1,2
309,309,2018-04-06 10:32:39,38,78,20.03,469959,5,0,0
310,310,2018-04-06 10:53:56,11,44,27.63,471236,5,0,0
311,311,2018-04-06 11:11:19,40,31,30.87,472279,5,0,0
312,312,2018-04-06 11:13:58,11,44,636.5,472438,5,1,3
313,313,2018-04-06 11:26:27,5,79,83.36,473187,5,0,0
314,314,2018-04-06 11:33:36,37,54,33.72,473616,5,0,0
315,315,2018-04-06 11:58:40,28,17,2857.5,475120,5,1,3
316,316,2018-04-06 12:12:18,34,29,40.47,475938,5,0,0
317,317,2018-04-06 12:28:08,29,40,601.5999999999999,476888,5,1,3
318,318,2018-04-06 12:34:01,37,54,14.57,477241,5,0,0
319,319,2018-04-06 12:40:51,8,8,2.77,477651,5,0,0
320,320,2018-04-06 12:46:01,22,99,50.68,477961,5,0,0
321,321,2018-04-06 12:49:48,47,41,14.85,478188,5,0,0
322,322,2018-04-06 13:00:12,35,38,18.58,478812,5,0,0
323,323,2018-04-06 13:11:56,34,29,97.93,479516,5,0,0
324,324,2018-04-06 13:13:45,5,79,16.83,479625,5,0,0
325,325,2018-04-06 13:21:26,22,65,14.02,480086,5,0,0
326,326,2018-04-06 13:34:17,8,46,5.13,480857,5,0,0
327,327,2018-04-06 13:48:59,47,41,60.01,481739,5,0,0
328,328,2018-04-06 14:21:50,37,54,18.63,483710,5,0,0
329,329,2018-04-06 14:22:46,0,29,64.33,483766,5,0,0
330,330,2018-04-06 14:25:45,46,34,31.03,483945,5,0,0
331,331,2018-04-06 14:37:14,5,79,40.63,484634,5,0,0
332,332,2018-04-06 15:28:32,38,93,3.94,487712,5,1,2
333,333,2018-04-06 15:34:40,34,29,68.86,488080,5,0,0
334,334,2018-04-06 15:52:28,32,17,95.85,489148,5,0,0
335,335,2018-04-06 17:01:20,35,38,67.31,493280,5,0,0
336,336,2018-04-06 17:47:27,9,84,781.8000000000001,496047,5,1,3
337,337,2018-04-06 18:24:04,5,79,46.22,498244,5,0,0
338,338,2018-04-06 18:33:37,45,93,47.43,498817,5,1,2
339,339,2018-04-06 18:56:05,1,5,28.93,500165,5,0,0
340,340,2018-04-06 19:52:50,34,29,28.69,503570,5,0,0
341,341,2018-04-06 20:54:58,41,79,1.5,507298,5,0,0
342,342,2018-04-06 22:55:51,25,88,72.5,514551,5,0,0
343,343,2018-04-07 01:31:21,32,88,70.9,523881,6,0,0
344,344,2018-04-07 04:14:30,1,5,12.94,533670,6,0,0
345,345,2018-04-07 04:47:08,8,46,5.82,535628,6,0,0
346,346,2018-04-07 07:11:13,31,8,2.56,544273,6,0,0
347,347,2018-04-07 07:18:02,40,31,262.45,544682,6,1,3
348,348,2018-04-07 07:37:42,16,3,87.92,545862,6,0,0
349,349,2018-04-07 07:54:20,47,17,31.12,546860,6,1,2
350,350,2018-04-07 08:02:29,46,34,41.17,547349,6,1,2
351,351,2018-04-07 08:24:44,25,88,4.06,548684,6,0,0
352,352,2018-04-07 08:40:58,43,82,90.16,549658,6,0,0
353,353,2018-04-07 09:11:50,1,5,50.3,551510,6,0,0
354,354,2018-04-07 10:09:57,41,79,1.48,554997,6,0,0
355,355,2018-04-07 10:17:20,43,82,104.74,555440,6,0,0
356,356,2018-04-07 10:27:28,25,17,113.99,556048,6,1,2
357,357,2018-04-07 10:35:25,8,46,6.73,556525,6,0,0
358,358,2018-04-07 10:35:55,37,54,17.23,556555,6,0,0
359,359,2018-04-07 10:39:45,5,79,28.72,556785,6,0,0
360,360,2018-04-07 11:23:30,8,46,4.32,559410,6,0,0
361,361,2018-04-07 11:27:33,25,17,23.99,559653,6,1,2
362,362,2018-04-07 11:36:30,43,82,104.13,560190,6,0,0
363,363,2018-04-07 11:53:04,40,31,114.59,561184,6,0,0
364,364,2018-04-07 12:20:48,22,65,31.98,562848,6,0,0
365,365,2018-04-07 12:20:58,40,31,915.25,562858,6,1,3
366,366,2018-04-07 12:57:32,49,26,17.35,565052,6,1,2
367,367,2018-04-07 13:21:30,40,31,749.8000000000001,566490,6,1,3
368,368,2018-04-07 13:24:31,38,93,28.05,566671,6,1,2
369,369,2018-04-07 13:40:49,0,87,42.52,567649,6,0,0
370,370,2018-04-07 13:44:44,28,17,53.04,567884,6,1,2
371,371,2018-04-07 14:15:44,34,29,73.87,569744,6,0,0
372,372,2018-04-07 14:20:57,47,41,46.85,570057,6,0,0
373,373,2018-04-07 14:42:50,1,5,44.81,571370,6,0,0
374,374,2018-04-07 15:09:22,5,79,49.15,572962,6,0,0
375,375,2018-04-07 15:32:44,35,51,44.79,574364,6,0,0
376,376,2018-04-07 15:42:00,37,54,8.33,574920,6,0,0
377,377,2018-04-07 16:00:18,8,46,3.52,576018,6,0,0
378,378,2018-04-07 16:08:59,33,64,67.2,576539,6,0,0
379,379,2018-04-07 16:23:07,5,79,2.99,577387,6,0,0
380,380,2018-04-07 16:24:15,31,8,3.16,577455,6,0,0
381,381,2018-04-07 16:39:48,38,78,21.95,578388,6,0,0
382,382,2018-04-07 16:52:03,1,5,53.92,579123,6,0,0
383,383,2018-04-07 17:39:37,40,31,36.17,581977,6,0,0
384,384,2018-04-07 18:17:12,1,5,81.96,584232,6,0,0
385,385,2018-04-07 18:36:21,5,79,47.04,585381,6,0,0
386,386,2018-04-07 18:40:01,41,79,0.54,585601,6,0,0
387,387,2018-04-07 19:43:08,9,84,71.0,589388,6,1,2
388,388,2018-04-07 19:52:16,22,99,52.39,589936,6,0,0
389,389,2018-04-08 00:45:55,1,5,51.28,607555,7,0,0
390,390,2018-04-08 01:31:25,8,46,15.17,610285,7,0,0
391,391,2018-04-08 02:20:16,37,54,8.31,613216,7,0,0
392,392,2018-04-08 04:29:16,5,79,23.91,620956,7,0,0
393,393,2018-04-08 05:26:51,22,65,25.65,624411,7,0,0
394,394,2018-04-08 06:01:30,38,78,7.68,626490,7,0,0
395,395,2018-04-08 06:15:25,33,64,54.75,627325,7,0,0
396,396,2018-04-08 06:23:18,37,54,11.8,627798,7,0,0
397,397,2018-04-08 07:06:06,37,54,27.04,630366,7,0,0
398,398,2018-04-08 07:08:57,28,17,122.81,630537,7,1,2
399,399,2018-04-08 07:20:11,16,3,40.87,631211,7,0,0
400,400,2018-04-08 08:24:58,34,29,86.87,635098,7,0,0
401,401,2018-04-08 08:30:46,45,93,69.79,635446,7,1,2
402,402,2018-04-08 08:37:54,33,64,24.08,635874,7,0,0
403,403,2018-04-08 08:40:17,31,8,7.69,636017,7,0,0
404,404,2018-04-08 09:59:05,0,87,36.95,640745,7,0,0
405,405,2018-04-08 10:47:59,46,52,56.14,643679,7,0,0
406,406,2018-04-08 10:48:18,32,17,109.9,643698,7,1,2
407,407,2018-04-08 10:51:59,40,31,18.9,643919,7,0,0
408,408,2018-04-08 11:12:58,29,40,149.29,645178,7,0,0
409,409,2018-04-08 11:27:39,38,93,157.79999999999998,646059,7,1,3
410,410,2018-04-08 11:36:35,28,88,155.51,646595,7,0,0
411,411,2018-04-08 11:43:57,35,38,41.62,647037,7,0,0
412,412,2018-04-08 11:45:46,28,17,84.22,647146,7,1,2
413,413,2018-04-08 11:57:03,32,88,61.99,647823,7,0,0
414,414,2018-04-08 11:57:30,38,78,210.15,647850,7,1,3
415,415,2018-04-08 12:19:52,35,51,13.7,649192,7,0,0
416,416,2018-04-08 12:59:14,29,48,630.55,651554,7,1,3
417,417,2018-04-08 13:00:21,1,5,65.37,651621,7,0,0
418,418,2018-04-08 13:30:10,22,99,262.75,653410,7,1,3
419,419,2018-04-08 14:05:59,8,8,6.02,655559,7,0,0
420,420,2018-04-08 14:12:54,34,29,72.84,655974,7,0,0
421,421,2018-04-08 14:25:28,9,84,185.4,656728,7,1,2
422,422,2018-04-08 14:31:39,1,5,37.27,657099,7,0,0
423,423,2018-04-08 14:46:06,25,17,31.91,657966,7,1,2
424,424,2018-04-08 15:00:45,22,65,44.71,658845,7,0,0
425,425,2018-04-08 15:26:25,49,26,46.65,660385,7,1,3
426,426,2018-04-08 15:41:11,32,88,76.97,661271,7,0,0
427,427,2018-04-08 15:49:50,15,2,405.90000000000003,661790,7,1,3
428,428,2018-04-08 16:17:02,35,38,47.41,663422,7,0,0
429,429,2018-04-08 16:26:07,8,46,5.75,663967,7,0,0
430,430,2018-04-08 16:30:50,1,5,51.48,664250,7,0,0
431,431,2018-04-08 16:35:57,29,48,88.43,664557,7,0,0
432,432,2018-04-08 17:04:53,14,90,70.82,666293,7,0,0
433,433,2018-04-08 17:12:39,35,38,220.2,666759,7,1,3
434,434,2018-04-08 17:24:07,38,78,27.12,667447,7,0,0
435,435,2018-04-08 17:27:02,38,93,25.63,667622,7,1,2
436,436,2018-04-08 18:05:39,8,8,8.6,669939,7,0,0
437,437,2018-04-08 18:22:58,35,38,360.05,670978,7,1,3
438,438,2018-04-08 18:26:39,22,65,161.75,671199,7,1,3
439,439,2018-04-08 18:27:40,35,51,18.56,671260,7,0,0
440,440,2018-04-08 20:32:55,5,79,43.76,678775,7,0,0
441,441,2018-04-08 22:43:56,38,78,15.63,686636,7,0,0
442,442,2018-04-09 01:01:54,9,84,40.56,694914,8,1,2
443,443,2018-04-09 03:42:37,40,31,96.1,704557,8,0,0
444,444,2018-04-09 04:02:16,46,52,45.85,705736,8,0,0
445,445,2018-04-09 04:30:56,38,78,22.01,707456,8,0,0
446,446,2018-04-09 06:04:29,38,93,35.699999999999996,713069,8,1,3
447,447,2018-04-09 06:26:53,35,51,36.16,714413,8,0,0
448,448,2018-04-09 06:59:58,14,90,82.73,716398,8,0,0
449,449,2018-04-09 07:18:38,5,79,67.11,717518,8,0,0
450,450,2018-04-09 09:01:09,25,17,47.33,723669,8,1,2
451,451,2018-04-09 09:03:54,14,90,22.08,723834,8,0,0
452,452,2018-04-09 09:07:04,40,31,28.16,724024,8,0,0
453,453,2018-04-09 09:10:40,40,31,393.0,724240,8,1,3
454,454,2018-04-09 09:12:11,9,84,307.2,724331,8,1,3
455,455,2018-04-09 09:13:29,45,93,79.98,724409,8,1,2
456,456,2018-04-09 09:28:37,35,38,138.95,725317,8,1,3
457,457,2018-04-09 09:39:00,8,46,6.82,725940,8,0,0
458,458,2018-04-09 09:42:25,29,62,171.25,726145,8,1,3
459,459,2018-04-09 09:54:28,49,26,6.27,726868,8,1,2
460,460,2018-04-09 09:55:40,41,79,3.71,726940,8,0,0
461,461,2018-04-09 10:29:41,16,3,22.75,728981,8,0,0
462,462,2018-04-09 10:30:15,29,48,105.39,729015,8,0,0
463,463,2018-04-09 11:05:41,15,2,121.24,731141,8,0,0
464,464,2018-04-09 11:09:53,9,84,37.35,731393,8,1,2
465,465,2018-04-09 11:11:02,8,8,10.37,731462,8,0,0
466,466,2018-04-09 11:49:32,37,54,15.03,733772,8,0,0
467,467,2018-04-09 12:03:58,35,38,46.89,734638,8,0,0
468,468,2018-04-09 12:11:11,37,54,14.99,735071,8,0,0
469,469,2018-04-09 12:17:42,32,88,72.94,735462,8,0,0
470,470,2018-04-09 12:20:48,32,17,28.73,735648,8,1,2
471,471,2018-04-09 12:27:17,37,54,11.29,736037,8,0,0
472,472,2018-04-09 13:42:04,5,79,68.41,740524,8,0,0
473,473,2018-04-09 14:13:14,37,54,30.06,742394,8,0,0
474,474,2018-04-09 14:17:04,49,26,57.45,742624,8,1,3
475,475,2018-04-09 14:20:35,1,5,60.12,742835,8,0,0
476,476,2018-04-09 14:31:25,46,34,33.38,743485,8,1,2
477,477,2018-04-09 14:31:50,33,64,38.97,743510,8,0,0
478,478,2018-04-09 14:33:10,38,93,14.68,743590,8,1,2
479,479,2018-04-09 15:11:25,25,17,80.22,745885,8,1,2
480,480,2018-04-09 15:12:43,35,38,162.25,745963,8,1,3
481,481,2018-04-09 15:16:45,34,29,79.91,746205,8,0,0
482,482,2018-04-09 15:17:24,35,38,34.4,746244,8,0,0
483,483,2018-04-09 15:20:17,8,46,4.21,746417,8,0,0
484,484,2018-04-09 15:29:58,38,93,15.149999999999999,746998,8,1,3
485,485,2018-04-09 15:53:55,40,31,478.05,748435,8,1,3
486,486,2018-04-09 16:08:45,35,51,220.15,749325,8,1,3
487,487,2018-04-09 16:14:10,5,79,47.13,749650,8,0,0
488,488,2018-04-09 16:42:40,29,62,200.75,751360,8,1,3
489,489,2018-04-09 16:46:33,37,54,38.45,751593,8,0,0
490,490,2018-04-09 17:08:07,29,48,99.09,752887,8,0,0
491,491,2018-04-09 17:29:29,5,79,73.54,754169,8,0,0
492,492,2018-04-09 17:33:37,28,17,136.68,754417,8,1,2
493,493,2018-04-09 17:35:37,22,99,245.3,754537,8,1,3
494,494,2018-04-09 18:15:29,38,93,14.76,756929,8,1,2
495,495,2018-04-09 18:51:08,5,79,50.16,759068,8,0,0
496,496,2018-04-09 19:36:30,40,31,10.94,761790,8,0,0
497,497,2018-04-09 23:16:49,8,8,9.16,775009,8,0,0
498,498,2018-04-10 00:08:08,25,17,113.03,778088,9,1,2
499,499,2018-04-10 01:31:19,37,54,68.75,783079,9,1,3
500,500,2018-04-10 02:19:32,40,31,391.25,785972,9,1,3
501,501,2018-04-10 02:24:34,0,29,34.02,786274,9,0,0
502,502,2018-04-10 04:36:06,8,46,7.18,794166,9,0,0
503,503,2018-04-10 05:06:19,29,48,99.14,795979,9,0,0
504,504,2018-04-10 05:59:05,29,40,99.58,799145,9,0,0
505,505,2018-04-10 07:02:53,40,31,356.1,802973,9,1,3
506,506,2018-04-10 07:17:11,40,31,83.49,803831,9,0,0
507,507,2018-04-10 08:02:44,11,44,104.2,806564,9,1,3
508,508,2018-04-10 08:18:57,38,93,33.16,807537,9,1,2
509,509,2018-04-10 08:24:59,37,54,20.8,807899,9,0,0
510,510,2018-04-10 08:25:01,29,62,87.09,807901,9,0,0
511,511,2018-04-10 08:25:08,41,79,8.13,807908,9,0,0
512,512,2018-04-10 08:44:12,25,88,76.64,809052,9,0,0
513,513,2018-04-10 09:05:44,35,51,61.42,810344,9,0,0
514,514,2018-04-10 09:21:52,45,93,50.8,811312,9,1,2
515,515,2018-04-10 09:34:38,8,8,10.92,812078,9,0,0
516,516,2018-04-10 09:43:15,1,5,56.43,812595,9,0,0
517,517,2018-04-10 10:04:23,38,93,123.94999999999999,813863,9,1,3
518,518,2018-04-10 10:10:39,22,65,44.88,814239,9,0,0
519,519,2018-04-10 10:12:34,46,52,54.48,814354,9,0,0
520,520,2018-04-10 10:14:08,29,48,81.25,814448,9,0,0
521,521,2018-04-10 11:08:24,40,31,516.45,817704,9,1,3
522,522,2018-04-10 11:33:58,33,64,67.02,819238,9,0,0
523,523,2018-04-10 11:40:46,9,84,67.03,819646,9,1,2
524,524,2018-04-10 11:54:45,40,31,374.3,820485,9,1,3
525,525,2018-04-10 12:14:31,1,5,32.13,821671,9,0,0
526,526,2018-04-10 12:17:15,8,8,8.47,821835,9,0,0
527,527,2018-04-10 12:17:18,0,87,84.96,821838,9,0,0
528,528,2018-04-10 12:25:46,1,5,38.56,822346,9,0,0
529,529,2018-04-10 12:43:30,32,17,57.81,823410,9,1,2
530,530,2018-04-10 12:47:26,43,82,82.03,823646,9,0,0
531,531,2018-04-10 12:55:55,49,26,17.41,824155,9,1,2
532,532,2018-04-10 13:10:26,37,54,31.94,825026,9,0,0
533,533,2018-04-10 13:18:57,11,44,19.2,825537,9,0,0
534,534,2018-04-10 13:27:26,5,79,33.99,826046,9,0,0
535,535,2018-04-10 13:27:56,8,46,0.01,826076,9,0,0
536,536,2018-04-10 13:47:02,22,99,44.81,827222,9,0,0
537,537,2018-04-10 13:55:37,35,51,73.9,827737,9,0,0
538,538,2018-04-10 15:06:43,25,88,128.14,832003,9,0,0
539,539,2018-04-10 15:07:24,37,54,35.17,832044,9,0,0
540,540,2018-04-10 15:18:37,38,93,8.48,832717,9,1,2
541,541,2018-04-10 15:23:55,31,8,5.92,833035,9,0,0
542,542,2018-04-10 15:37:38,49,26,19.59,833858,9,1,2
543,543,2018-04-10 15:42:51,29,40,146.33,834171,9,0,0
544,544,2018-04-10 15:43:53,46,52,55.65,834233,9,0,0
545,545,2018-04-10 15:45:49,37,54,71.39999999999999,834349,9,1,3
546,546,2018-04-10 15:52:40,1,5,36.16,834760,9,0,0
547,547,2018-04-10 16:06:21,25,17,91.51,835581,9,1,2
548,548,2018-04-10 16:37:03,29,40,328.0,837423,9,1,3
549,549,2018-04-10 17:30:12,29,48,172.69,840612,9,0,0
550,550,2018-04-10 17:38:28,41,79,6.8,841108,9,0,0
551,551,2018-04-10 18:33:39,35,51,437.65,844419,9,1,3
552,552,2018-04-10 20:14:13,8,46,5.22,850453,9,0,0
553,553,2018-04-10 20:15:53,33,64,87.84,850553,9,0,0
554,554,2018-04-11 01:07:12,16,3,70.73,868032,10,0,0
555,555,2018-04-11 01:15:42,31,8,6.65,868542,10,0,0
556,556,2018-04-11 01:57:03,9,84,110.74,871023,10,1,2
557,557,2018-04-11 03:04:58,41,79,5.36,875098,10,0,0
558,558,2018-04-11 03:13:33,46,52,53.67,875613,10,0,0
559,559,2018-04-11 03:55:26,35,51,69.02,878126,10,0,0
560,560,2018-04-11 04:15:45,35,38,49.66,879345,10,0,0
561,561,2018-04-11 04:54:01,33,64,68.15,881641,10,0,0
562,562,2018-04-11 05:06:12,5,79,34.35,882372,10,0,0
563,563,2018-04-11 05:39:55,15,2,318.05,884395,10,1,3
564,564,2018-04-11 06:05:35,38,93,3.49,885935,10,1,2
565,565,2018-04-11 06:05:51,35,51,178.15,885951,10,1,3
566,566,2018-04-11 06:50:59,37,54,796.75,888659,10,1,3
567,567,2018-04-11 06:58:33,37,54,153.75,889113,10,1,3
568,568,2018-04-11 07:52:07,35,51,64.29,892327,10,0,0
569,569,2018-04-11 08:06:40,40,31,53.24,893200,10,0,0
570,570,2018-04-11 09:45:09,31,8,9.12,899109,10,0,0
571,571,2018-04-11 09:54:38,9,84,433.1,899678,10,1,3
572,572,2018-04-11 10:03:19,22,99,50.59,900199,10,0,0
573,573,2018-04-11 10:06:23,1,5,57.92,900383,10,0,0
574,574,2018-04-11 10:32:50,33,64,25.99,901970,10,0,0
575,575,2018-04-11 10:47:44,22,99,35.57,902864,10,0,0
576,576,2018-04-11 10:49:08,40,31,1165.0,902948,10,1,3
577,577,2018-04-11 10:54:39,25,88,81.49,903279,10,0,0
578,578,2018-04-11 10:56:46,45,93,98.08,903406,10,1,2
579,579,2018-04-11 11:03:36,25,88,50.21,903816,10,0,0
580,580,2018-04-11 11:14:34,40,31,48.47,904474,10,0,0
581,581,2018-04-11 11:51:57,35,38,85.45,906717,10,1,3
582,582,2018-04-11 11:52:04,37,54,36.46,906724,10,0,0
583,583,2018-04-11 11:58:56,25,88,52.33,907136,10,0,0
584,584,2018-04-11 12:20:38,33,64,53.64,908438,10,0,0
585,585,2018-04-11 12:39:47,49,26,213.75,909587,10,1,3
586,586,2018-04-11 12:42:59,0,87,31.41,909779,10,0,0
587,587,2018-04-11 12:43:19,35,51,48.78,909799,10,0,0
588,588,2018-04-11 14:09:27,35,51,42.09,914967,10,0,0
589,589,2018-04-11 14:23:31,35,38,304.45,915811,10,1,3
590,590,2018-04-11 14:37:44,1,5,31.43,916664,10,0,0
591,591,2018-04-11 14:56:27,43,82,68.36,917787,10,0,0
592,592,2018-04-11 15:44:13,49,26,10.89,920653,10,1,2
593,593,2018-04-11 15:49:54,22,65,19.69,920994,10,0,0
594,594,2018-04-11 16:22:44,5,79,37.96,922964,10,0,0
595,595,2018-04-11 16:33:22,46,34,106.0,923602,10,1,2
596,596,2018-04-11 16:33:38,41,79,4.44,923618,10,0,0
597,597,2018-04-11 17:12:15,49,26,72.64999999999999,925935,10,1,3
598,598,2018-04-11 17:39:17,0,87,72.9,927557,10,0,0
599,599,2018-04-11 17:46:49,43,82,70.31,928009,10,0,0
600,600,2018-04-11 17:47:47,38,78,17.26,928067,10,0,0
601,601,2018-04-11 18:06:49,43,82,139.55,929209,10,0,0
602,602,2018-04-11 18:40:22,33,64,50.2,931222,10,0,0
603,603,2018-04-11 18:48:10,1,5,41.02,931690,10,0,0
604,604,2018-04-11 19:38:20,33,64,106.45,934700,10,0,0
605,605,2018-04-11 20:14:47,32,17,105.54,936887,10,1,2
606,606,2018-04-11 20:19:04,22,99,23.86,937144,10,0,0
607,607,2018-04-11 20:29:03,47,41,122.5,937743,10,1,3
608,608,2018-04-11 20:50:03,9,84,71.29,939003,10,1,2
609,609,2018-04-11 21:11:44,40,31,231.6,940304,10,1,3
610,610,2018-04-11 21:14:49,49,26,312.5,940489,10,1,3
611,611,2018-04-11 21:39:41,1,5,48.18,941981,10,0,0
612,612,2018-04-11 23:58:23,46,52,15.26,950303,10,0,0
613,613,2018-04-12 00:02:19,28,17,505.05,950539,11,1,3
614,614,2018-04-12 02:27:54,28,88,2166.5,959274,11,1,3
615,615,2018-04-12 05:25:01,29,62,497.04999999999995,969901,11,1,3
616,616,2018-04-12 05:54:23,34,29,83.21,971663,11,0,0
617,617,2018-04-12 06:22:05,22,65,35.28,973325,11,0,0
618,618,2018-04-12 06:35:07,8,46,10.2,974107,11,1,2
619,619,2018-04-12 06:52:53,5,79,100.92,975173,11,0,0
620,620,2018-04-12 07:28:22,35,51,192.8,977302,11,1,3
621,621,2018-04-12 07:40:17,1,5,102.11,978017,11,0,0
622,622,2018-04-12 08:35:30,34,29,112.27,981330,11,0,0
623,623,2018-04-12 08:48:07,29,62,101.46,982087,11,0,0
624,624,2018-04-12 08:54:12,49,26,4.22,982452,11,1,2
625,625,2018-04-12 08:59:42,5,79,53.48,982782,11,0,0
626,626,2018-04-12 09:09:58,11,44,164.3,983398,11,1,3
627,627,2018-04-12 09:16:45,47,17,0.46,983805,11,1,2
628,628,2018-04-12 09:19:17,5,79,50.66,983957,11,0,0
629,629,2018-04-12 09:33:26,29,62,83.82,984806,11,0,0
630,630,2018-04-12 09:52:17,9,84,499.20000000000005,985937,11,1,3
631,631,2018-04-12 10:14:37,1,5,4.31,987277,11,0,0
632,632,2018-04-12 11:11:07,46,34,93.98,990667,11,1,2
633,633,2018-04-12 11:18:42,1,5,39.02,991122,11,0,0
634,634,2018-04-12 11:46:34,35,38,205.55,992794,11,1,3
635,635,2018-04-12 11:59:36,34,29,85.54,993576,11,0,0
636,636,2018-04-12 12:10:45,25,88,123.61,994245,11,0,0
637,637,2018-04-12 12:24:29,11,44,170.65,995069,11,1,3
638,638,2018-04-12 13:08:25,41,79,0.63,997705,11,0,0
639,639,2018-04-12 13:19:02,8,8,8.07,998342,11,0,0
640,640,2018-04-12 13:21:13,38,78,5.45,998473,11,0,0
641,641,2018-04-12 13:43:35,1,5,103.89,999815,11,0,0
642,642,2018-04-12 13:43:51,22,99,27.03,999831,11,0,0
643,643,2018-04-12 14:03:34,40,31,32.19,1001014,11,0,0
644,644,2018-04-12 14:06:37,37,54,141.7,1001197,11,1,3
645,645,2018-04-12 14:11:50,38,93,16.04,1001510,11,1,2
646,646,2018-04-12 14:39:59,33,64,70.37,1003199,11,0,0
647,647,2018-04-12 14:42:51,5,79,70.62,1003371,11,0,0
648,648,2018-04-12 15:14:40,37,54,32.54,1005280,11,0,0
649,649,2018-04-12 15:30:34,40,31,120.8,1006234,11,1,3
650,650,2018-04-12 15:31:55,37,54,96.75,1006315,11,1,3
651,651,2018-04-12 15:33:33,33,64,60.99,1006413,11,0,0
652,652,2018-04-12 15:48:04,1,5,47.32,1007284,11,0,0
653,653,2018-04-12 16:39:51,35,51,61.71,1010391,11,0,0
654,654,2018-04-12 17:48:20,46,52,2.18,1014500,11,0,0
655,655,2018-04-12 18:06:57,29,62,49.6,1015617,11,0,0
656,656,2018-04-12 19:10:56,18,34,113.52,1019456,11,1,2
657,657,2018-04-12 19:39:51,35,38,103.62,1021191,11,0,0
658,658,2018-04-12 20:42:04,19,24,57.46,1024924,11,0,0
659,659,2018-04-12 21:08:26,31,8,8.87,1026506,11,0,0
660,660,2018-04-12 21:26:24,14,90,42.5,1027584,11,0,0
661,661,2018-04-12 21:54:58,34,29,8.25,1029298,11,0,0
662,662,2018-04-13 03:35:55,33,64,49.24,1049755,12,0,0
663,663,2018-04-13 03:57:44,29,48,495.34999999999997,1051064,12,1,3
664,664,2018-04-13 05:03:02,0,29,25.99,1054982,12,0,0
665,665,2018-04-13 07:19:54,19,24,49.47,1063194,12,0,0
666,666,2018-04-13 07:42:13,34,29,90.14,1064533,12,0,0
667,667,2018-04-13 07:50:59,41,79,4.63,1065059,12,0,0
668,668,2018-04-13 08:03:01,29,40,98.88,1065781,12,0,0
669,669,2018-04-13 08:32:09,1,5,58.69,1067529,12,0,0
670,670,2018-04-13 08:38:41,1,5,17.93,1067921,12,0,0
671,671,2018-04-13 08:43:06,32,88,78.17,1068186,12,0,0
672,672,2018-04-13 08:49:41,46,34,208.25,1068581,12,1,3
673,673,2018-04-13 09:00:10,25,17,63.59,1069210,12,1,2
674,674,2018-04-13 09:33:14,45,93,47.14,1071194,12,1,2
675,675,2018-04-13 09:37:26,46,52,60.02,1071446,12,0,0
676,676,2018-04-13 09:41:45,29,48,680.5,1071705,12,1,3
677,677,2018-04-13 09:42:04,14,88,41.32,1071724,12,0,0
678,678,2018-04-13 09:42:19,29,48,136.24,1071739,12,0,0
679,679,2018-04-13 09:53:08,5,79,87.16,1072388,12,0,0
680,680,2018-04-13 10:07:31,25,17,42.79,1073251,12,1,2
681,681,2018-04-13 10:11:40,25,88,45.76,1073500,12,0,0
682,682,2018-04-13 10:14:54,34,29,66.93,1073694,12,0,0
683,683,2018-04-13 10:43:51,49,26,17.8,1075431,12,1,2
684,684,2018-04-13 10:56:07,8,46,11.34,1076167,12,1,2
685,685,2018-04-13 10:59:02,46,52,63.5,1076342,12,0,0
686,686,2018-04-13 11:41:30,22,99,342.04999999999995,1078890,12,1,3
687,687,2018-04-13 11:43:19,34,29,86.42,1078999,12,0,0
688,688,2018-04-13 12:16:04,29,62,403.5,1080964,12,1,3
689,689,2018-04-13 12:28:19,38,93,206.25,1081699,12,1,3
690,690,2018-04-13 12:39:29,29,62,84.74,1082369,12,0,0
691,691,2018-04-13 12:50:59,25,88,76.0,1083059,12,0,0
692,692,2018-04-13 13:05:25,1,5,42.36,1083925,12,0,0
693,693,2018-04-13 13:16:01,45,93,77.16,1084561,12,1,2
694,694,2018-04-13 13:44:40,28,88,456.55,1086280,12,1,3
695,695,2018-04-13 14:29:44,41,79,6.62,1088984,12,0,0
696,696,2018-04-13 14:47:53,33,64,56.43,1090073,12,0,0
697,697,2018-04-13 15:03:30,1,5,65.03,1091010,12,0,0
698,698,2018-04-13 15:19:35,34,29,101.23,1091975,12,0,0
699,699,2018-04-13 15:39:23,28,17,2510.0,1093163,12,1,3
700,700,2018-04-13 15:41:17,9,84,650.65,1093277,12,1,3
701,701,2018-04-13 15:42:46,31,8,4.28,1093366,12,0,0
702,702,2018-04-13 15:58:39,16,3,110.33,1094319,12,0,0
703,703,2018-04-13 16:00:18,49,26,23.51,1094418,12,1,2
704,704,2018-04-13 16:11:27,40,31,369.3,1095087,12,1,3
705,705,2018-04-13 16:29:36,49,26,60.4,1096176,12,1,3
706,706,2018-04-13 16:32:33,41,79,7.36,1096353,12,0,0
707,707,2018-04-13 16:49:46,37,54,635.0,1097386,12,1,3
708,708,2018-04-13 17:51:56,33,64,39.72,1101116,12,0,0
709,709,2018-04-13 18:16:05,22,99,35.95,1102565,12,0,0
710,710,2018-04-13 18:59:28,22,65,20.78,1105168,12,0,0
711,711,2018-04-13 19:53:15,25,17,23.64,1108395,12,1,2
712,712,2018-04-13 22:45:36,33,64,98.03,1118736,12,0,0
713,713,2018-04-14 00:37:38,43,82,136.65,1125458,13,0,0
714,714,2018-04-14 01:21:43,25,88,75.55,1128103,13,0,0
715,715,2018-04-14 02:05:33,32,17,64.38,1130733,13,1,2
716,716,2018-04-14 02:20:40,5,79,22.89,1131640,13,0,0
717,717,2018-04-14 03:44:43,28,17,62.27,1136683,13,1,2
718,718,2018-04-14 03:47:34,32,88,58.5,1136854,13,0,0
719,719,2018-04-14 04:02:53,5,79,115.21,1137773,13,0,0
720,720,2018-04-14 04:05:15,5,79,33.44,1137915,13,0,0
721,721,2018-04-14 04:41:55,5,79,69.2,1140115,13,0,0
722,722,2018-04-14 04:48:37,32,88,80.91,1140517,13,0,0
723,723,2018-04-14 05:38:33,1,5,66.8,1143513,13,0,0
724,724,2018-04-14 05:49:23,8,8,5.24,1144163,13,0,0
725,725,2018-04-14 06:10:37,40,31,133.57,1145437,13,0,0
726,726,2018-04-14 06:30:10,49,26,35.05,1146610,13,1,3
727,727,2018-04-14 07:22:33,8,46,4.13,1149753,13,1,2
728,728,2018-04-14 07:32:06,41,79,3.39,1150326,13,0,0
729,729,2018-04-14 08:13:39,43,82,141.87,1152819,13,0,0
730,730,2018-04-14 08:58:49,29,62,497.35,1155529,13,1,3
731,731,2018-04-14 09:19:51,33,64,65.96,1156791,13,0,0
732,732,2018-04-14 09:28:05,37,54,115.45,1157285,13,1,3
733,733,2018-04-14 09:38:01,38,78,97.75,1157881,13,1,3
734,734,2018-04-14 09:44:42,41,79,3.93,1158282,13,0,0
735,735,2018-04-14 09:53:30,40,31,40.83,1158810,13,0,0
736,736,2018-04-14 10:44:16,38,78,99.39999999999999,1161856,13,1,3
737,737,2018-04-14 10:47:08,37,54,14.79,1162028,13,0,0
738,738,2018-04-14 10:59:07,32,17,82.66,1162747,13,1,2
739,739,2018-04-14 11:00:01,0,87,28.93,1162801,13,0,0
740,740,2018-04-14 11:22:50,34,29,91.41,1164170,13,0,0
741,741,2018-04-14 12:10:28,25,88,61.3,1167028,13,0,0
742,742,2018-04-14 12:11:49,9,84,674.0,1167109,13,1,3
743,743,2018-04-14 12:29:21,40,31,84.78,1168161,13,0,0
744,744,2018-04-14 12:45:54,1,5,48.38,1169154,13,0,0
745,745,2018-04-14 12:50:00,35,51,25.31,1169400,13,0,0
746,746,2018-04-14 12:55:02,38,93,22.34,1169702,13,1,2
747,747,2018-04-14 12:57:48,40,31,389.05,1169868,13,1,3
748,748,2018-04-14 12:59:18,25,88,51.93,1169958,13,0,0
749,749,2018-04-14 13:05:04,33,64,74.99,1170304,13,0,0
750,750,2018-04-14 13:18:08,28,88,79.97,1171088,13,0,0
751,751,2018-04-14 13:40:08,8,8,0.76,1172408,13,0,0
752,752,2018-04-14 13:52:56,33,64,32.53,1173176,13,0,0
753,753,2018-04-14 14:50:31,19,24,63.98,1176631,13,0,0
754,754,2018-04-14 15:04:14,31,8,8.13,1177454,13,0,0
755,755,2018-04-14 15:48:05,33,64,142.58,1180085,13,0,0
756,756,2018-04-14 15:52:13,5,79,60.39,1180333,13,0,0
757,757,2018-04-14 16:10:08,1,5,58.9,1181408,13,0,0
758,758,2018-04-14 16:22:40,8,8,9.15,1182160,13,0,0
759,759,2018-04-14 16:29:55,5,79,5.38,1182595,13,0,0
760,760,2018-04-14 17:00:16,0,87,108.59,1184416,13,0,0
761,761,2018-04-14 18:34:14,47,17,20.18,1190054,13,1,2
762,762,2018-04-14 18:36:58,49,26,11.46,1190218,13,1,2
763,763,2018-04-14 19:08:34,38,78,10.12,1192114,13,0,0
764,764,2018-04-14 20:24:44,28,17,25.75,1196684,13,1,2
765,765,2018-04-14 21:31:49,37,54,45.300000000000004,1200709,13,1,3
766,766,2018-04-14 22:01:19,41,79,0.16,1202479,13,0,0
767,767,2018-04-14 22:21:07,34,29,59.99,1203667,13,0,0
768,768,2018-04-14 22:31:57,0,87,98.96,1204317,13,0,0
769,769,2018-04-15 01:47:20,1,5,41.77,1216040,14,0,0
770,770,2018-04-15 02:58:28,46,52,16.9,1220308,14,1,3
771,771,2018-04-15 03:23:26,37,54,34.8,1221806,14,0,0
772,772,2018-04-15 04:00:15,8,8,10.0,1224015,14,0,0
773,773,2018-04-15 04:02:41,43,82,441.2,1224161,14,1,3
774,774,2018-04-15 04:30:44,0,87,22.71,1225844,14,0,0
775,775,2018-04-15 04:36:56,22,99,35.3,1226216,14,0,0
776,776,2018-04-15 05:08:40,41,79,4.56,1228120,14,0,0
777,777,2018-04-15 05:16:31,8,46,8.22,1228591,14,1,2
778,778,2018-04-15 06:06:58,40,31,231.4,1231618,14,1,3
779,779,2018-04-15 06:40:36,35,38,85.86,1233636,14,0,0
780,780,2018-04-15 06:58:52,33,64,71.16,1234732,14,0,0
781,781,2018-04-15 07:01:54,33,64,36.4,1234914,14,0,0
782,782,2018-04-15 07:09:26,35,51,67.34,1235366,14,0,0
783,783,2018-04-15 07:29:31,32,88,15.19,1236571,14,0,0
784,784,2018-04-15 07:43:21,37,54,94.05,1237401,14,1,3
785,785,2018-04-15 08:25:20,49,26,55.099999999999994,1239920,14,1,3
786,786,2018-04-15 08:30:32,33,64,31.87,1240232,14,0,0
787,787,2018-04-15 08:42:52,29,48,96.73,1240972,14,0,0
788,788,2018-04-15 08:48:01,22,99,277.4,1241281,14,1,3
789,789,2018-04-15 08:58:56,22,99,36.47,1241936,14,0,0
790,790,2018-04-15 09:45:02,5,79,76.88,1244702,14,0,0
791,791,2018-04-15 09:50:23,8,8,1.5,1245023,14,0,0
792,792,2018-04-15 09:53:32,1,5,33.91,1245212,14,0,0
793,793,2018-04-15 09:59:02,35,38,81.6,1245542,14,1,3
794,794,2018-04-15 10:07:01,33,64,10.18,1246021,14,0,0
795,795,2018-04-15 10:19:40,32,17,51.27,1246780,14,1,2
796,796,2018-04-15 10:44:00,35,51,53.63,1248240,14,0,0
797,797,2018-04-15 10:56:30,35,51,40.83,1248990,14,0,0
798,798,2018-04-15 10:57:52,40,31,1539.25,1249072,14,1,3
799,799,2018-04-15 10:59:33,8,8,0.85,1249173,14,0,0
800,800,2018-04-15 11:09:51,46,52,0.85,1249791,14,0,0
801,801,2018-04-15 11:13:09,46,52,26.95,1249989,14,0,0
802,802,2018-04-15 11:29:39,29,40,60.42,1250979,14,0,0
803,803,2018-04-15 11:47:17,40,31,537.3,1252037,14,1,3
804,804,2018-04-15 12:01:39,1,5,27.16,1252899,14,0,0
805,805,2018-04-15 12:01:58,14,90,24.72,1252918,14,0,0
806,806,2018-04-15 12:43:24,22,99,16.58,1255404,14,0,0
807,807,2018-04-15 12:48:40,25,17,61.65,1255720,14,1,2
808,808,2018-04-15 12:50:01,29,48,58.45,1255801,14,0,0
809,809,2018-04-15 12:54:19,9,84,151.86,1256059,14,1,2
810,810,2018-04-15 13:11:34,46,34,220.6,1257094,14,1,3
811,811,2018-04-15 13:12:33,1,5,44.62,1257153,14,0,0
812,812,2018-04-15 13:24:04,35,38,251.6,1257844,14,1,3
813,813,2018-04-15 13:37:34,35,38,35.42,1258654,14,0,0
814,814,2018-04-15 14:07:59,22,65,180.55,1260479,14,1,3
815,815,2018-04-15 14:13:59,0,29,120.89,1260839,14,0,0
816,816,2018-04-15 14:29:55,33,64,71.92,1261795,14,0,0
817,817,2018-04-15 14:32:00,40,31,209.7,1261920,14,1,3
818,818,2018-04-15 14:35:30,37,54,16.74,1262130,14,0,0
819,819,2018-04-15 15:03:40,47,17,1217.5,1263820,14,1,3
820,820,2018-04-15 15:09:21,35,38,34.37,1264161,14,0,0
821,821,2018-04-15 15:12:39,43,82,56.77,1264359,14,0,0
822,822,2018-04-15 15:26:07,1,5,36.81,1265167,14,0,0
823,823,2018-04-15 15:37:52,1,5,44.49,1265872,14,0,0
824,824,2018-04-15 16:04:57,28,88,267.1,1267497,14,1,3
825,825,2018-04-15 16:28:06,40,31,2031.25,1268886,14,1,3
826,826,2018-04-15 16:49:43,33,64,70.13,1270183,14,0,0
827,827,2018-04-15 16:56:10,40,31,46.73,1270570,14,0,0
828,828,2018-04-15 17:00:17,1,5,79.23,1270817,14,0,0
829,829,2018-04-15 17:05:30,33,64,68.26,1271130,14,0,0
830,830,2018-04-15 17:23:07,0,29,25.74,1272187,14,0,0
831,831,2018-04-15 17:51:29,0,29,62.59,1273889,14,0,0
832,832,2018-04-15 18:01:12,1,5,49.41,1274472,14,0,0
833,833,2018-04-15 18:18:05,49,26,389.5,1275485,14,1,3
834,834,2018-04-15 19:56:32,31,8,6.35,1281392,14,0,0
835,835,2018-04-15 20:18:51,15,2,110.79,1282731,14,0,0
836,836,2018-04-15 20:59:19,40,31,17.77,1285159,14,0,0
837,837,2018-04-15 21:22:55,25,88,78.3,1286575,14,0,0
838,838,2018-04-15 21:51:04,32,17,95.2,1288264,14,1,2
839,839,2018-04-15 21:55:17,0,29,66.21,1288517,14,0,0
840,840,2018-04-15 23:51:32,35,38,58.34,1295492,14,0,0
841,841,2018-04-16 02:17:48,5,79,63.17,1304268,15,0,0
842,842,2018-04-16 04:15:02,40,31,76.64,1311302,15,0,0
843,843,2018-04-16 04:58:11,22,99,221.95,1313891,15,1,3
844,844,2018-04-16 05:08:17,46,34,90.6,1314497,15,1,2
845,845,2018-04-16 05:30:33,5,79,8.75,1315833,15,0,0
846,846,2018-04-16 05:51:38,25,88,124.45,1317098,15,0,0
847,847,2018-04-16 07:25:16,29,40,26.89,1322716,15,0,0
848,848,2018-04-16 07:30:52,5,79,43.82,1323052,15,0,0
849,849,2018-04-16 07:38:23,31,8,0.79,1323503,15,0,0
850,850,2018-04-16 07:52:13,33,64,77.16,1324333,15,0,0
851,851,2018-04-16 08:18:41,49,26,19.099999999999998,1325921,15,1,3
852,852,2018-04-16 08:22:14,41,79,35.099999999999994,1326134,15,1,3
853,853,2018-04-16 08:27:31,45,93,28.35,1326451,15,1,2
854,854,2018-04-16 08:34:12,1,5,59.67,1326852,15,0,0
855,855,2018-04-16 08:45:18,37,54,455.0,1327518,15,1,3
856,856,2018-04-16 08:47:00,5,79,46.12,1327620,15,0,0
857,857,2018-04-16 08:58:42,40,31,542.5,1328322,15,1,3
858,858,2018-04-16 09:31:46,32,88,26.16,1330306,15,0,0
859,859,2018-04-16 09:54:36,33,64,67.51,1331676,15,0,0
860,860,2018-04-16 10:05:44,33,64,102.96,1332344,15,0,0
861,861,2018-04-16 10:21:49,35,38,49.62,1333309,15,0,0
862,862,2018-04-16 10:36:37,32,17,31.93,1334197,15,1,2
863,863,2018-04-16 10:38:20,22,65,20.22,1334300,15,0,0
864,864,2018-04-16 10:46:30,5,79,74.49,1334790,15,0,0
865,865,2018-04-16 11:10:19,8,8,8.32,1336219,15,0,0
866,866,2018-04-16 11:19:54,25,17,58.9,1336794,15,1,2
867,867,2018-04-16 11:29:24,45,93,192.54999999999998,1337364,15,1,3
868,868,2018-04-16 11:35:37,1,5,73.59,1337737,15,0,0
869,869,2018-04-16 11:42:37,22,99,25.48,1338157,15,0,0
870,870,2018-04-16 11:48:24,9,84,164.12,1338504,15,1,2
871,871,2018-04-16 12:07:45,9,84,119.9,1339665,15,1,2
872,872,2018-04-16 12:14:03,1,5,58.29,1340043,15,0,0
873,873,2018-04-16 12:22:01,41,79,1.92,1340521,15,0,0
874,874,2018-04-16 12:31:13,38,78,18.23,1341073,15,0,0
875,875,2018-04-16 12:34:56,38,78,17.22,1341296,15,0,0
876,876,2018-04-16 12:44:05,46,34,73.09,1341845,15,1,2
877,877,2018-04-16 12:57:38,32,17,15.37,1342658,15,1,2
878,878,2018-04-16 13:14:41,37,54,404.25000000000006,1343681,15,1,3
879,879,2018-04-16 13:20:14,1,5,53.11,1344014,15,0,0
880,880,2018-04-16 13:35:21,8,8,9.64,1344921,15,0,0
881,881,2018-04-16 14:01:19,32,17,100.49,1346479,15,1,2
882,882,2018-04-16 14:03:09,1,5,90.92,1346589,15,0,0
883,883,2018-04-16 14:24:37,29,62,192.2,1347877,15,1,3
884,884,2018-04-16 15:26:23,38,78,8.08,1351583,15,0,0
885,885,2018-04-16 16:08:44,8,46,8.2,1354124,15,1,2
886,886,2018-04-16 16:17:18,38,93,24.62,1354638,15,1,2
887,887,2018-04-16 16:42:46,22,99,58.64,1356166,15,0,0
888,888,2018-04-16 17:26:53,25,88,124.59,1358813,15,0,0
889,889,2018-04-16 18:13:40,25,17,72.95,1361620,15,1,2
890,890,2018-04-16 18:34:18,31,46,11.77,1362858,15,1,2
891,891,2018-04-16 18:35:42,5,79,61.3,1362942,15,0,0
892,892,2018-04-16 19:02:39,8,8,9.97,1364559,15,0,0
893,893,2018-04-16 19:11:04,1,5,44.0,1365064,15,0,0
894,894,2018-04-16 19:30:59,5,79,22.55,1366259,15,0,0
895,895,2018-04-16 20:08:22,14,88,85.38,1368502,15,0,0
896,896,2018-04-16 20:29:16,40,31,320.7,1369756,15,1,3
897,897,2018-04-16 22:47:52,0,87,122.13,1378072,15,0,0
898,898,2018-04-17 01:31:42,37,54,2435.0,1387902,16,1,3
899,899,2018-04-17 02:13:06,1,5,8.13,1390386,16,0,0
900,900,2018-04-17 02:55:52,35,38,314.0,1392952,16,1,3
901,901,2018-04-17 03:10:17,25,17,44.42,1393817,16,1,2
902,902,2018-04-17 03:50:48,37,54,864.25,1396248,16,1,3
903,903,2018-04-17 03:51:02,33,64,98.3,1396262,16,0,0
904,904,2018-04-17 04:32:26,1,5,72.52,1398746,16,0,0
905,905,2018-04-17 05:52:17,18,34,99.18,1403537,16,1,2
906,906,2018-04-17 06:33:09,35,38,66.42,1405989,16,0,0
907,907,2018-04-17 07:03:08,1,5,20.51,1407788,16,0,0
908,908,2018-04-17 07:34:58,32,17,93.41,1409698,16,1,2
909,909,2018-04-17 08:23:12,29,48,64.35,1412592,16,0,0
910,910,2018-04-17 08:26:02,28,17,298.9,1412762,16,1,3
911,911,2018-04-17 08:38:10,31,46,8.63,1413490,16,1,2
912,912,2018-04-17 08:42:40,45,93,163.4,1413760,16,1,3
913,913,2018-04-17 08:44:29,1,5,17.77,1413869,16,0,0
914,914,2018-04-17 08:54:42,25,17,132.76,1414482,16,1,2
915,915,2018-04-17 08:58:29,40,31,109.82,1414709,16,0,0
916,916,2018-04-17 09:20:29,28,17,398.65000000000003,1416029,16,1,3
917,917,2018-04-17 09:21:49,25,17,33.84,1416109,16,1,2
918,918,2018-04-17 09:25:48,9,84,90.23,1416348,16,1,2
919,919,2018-04-17 09:37:55,37,54,18.02,1417075,16,0,0
920,920,2018-04-17 10:18:13,46,52,65.02,1419493,16,0,0
921,921,2018-04-17 10:23:51,43,82,37.48,1419831,16,0,0
922,922,2018-04-17 10:26:30,40,31,49.71,1419990,16,0,0
923,923,2018-04-17 10:33:16,40,31,506.15000000000003,1420396,16,1,3
924,924,2018-04-17 10:50:45,46,52,40.44,1421445,16,0,0
925,925,2018-04-17 10:54:09,22,99,177.65,1421649,16,1,3
926,926,2018-04-17 10:58:00,22,99,24.23,1421880,16,0,0
927,927,2018-04-17 11:08:19,0,87,81.38,1422499,16,0,0
928,928,2018-04-17 11:18:06,38,93,22.22,1423086,16,1,2
929,929,2018-04-17 11:23:21,38,78,38.36,1423401,16,0,0
930,930,2018-04-17 12:12:10,5,79,33.06,1426330,16,0,0
931,931,2018-04-17 13:00:23,46,34,29.18,1429223,16,1,2
932,932,2018-04-17 13:30:35,45,93,59.7,1431035,16,1,2
933,933,2018-04-17 13:32:39,22,65,8.41,1431159,16,0,0
934,934,2018-04-17 13:45:03,25,17,379.05,1431903,16,1,3
935,935,2018-04-17 13:55:30,5,79,34.99,1432530,16,0,0
936,936,2018-04-17 14:02:25,47,41,60.76,1432945,16,1,2
937,937,2018-04-17 14:10:51,33,64,43.15,1433451,16,0,0
938,938,2018-04-17 14:19:52,9,84,583.0,1433992,16,1,3
939,939,2018-04-17 14:36:21,41,79,4.77,1434981,16,0,0
940,940,2018-04-17 15:02:51,5,79,53.98,1436571,16,0,0
941,941,2018-04-17 15:18:36,25,17,47.29,1437516,16,1,2
942,942,2018-04-17 15:22:38,49,26,14.59,1437758,16,1,2
943,943,2018-04-17 15:58:38,28,17,57.8,1439918,16,1,2
944,944,2018-04-17 16:02:27,37,54,29.049999999999997,1440147,16,1,3
945,945,2018-04-17 16:06:21,9,84,146.9,1440381,16,1,2
946,946,2018-04-17 16:20:32,22,99,39.97,1441232,16,0,0
947,947,2018-04-17 16:27:29,0,29,91.75,1441649,16,0,0
948,948,2018-04-17 17:16:28,40,31,135.78,1444588,16,0,0
949,949,2018-04-17 17:43:24,38,78,10.57,1446204,16,0,0
950,950,2018-04-17 18:10:21,1,5,33.48,1447821,16,0,0
951,951,2018-04-17 18:44:40,37,54,36.73,1449880,16,0,0
952,952,2018-04-17 19:06:43,35,38,51.42,1451203,16,0,0
953,953,2018-04-17 19:11:06,5,79,17.59,1451466,16,0,0
954,954,2018-04-17 20:13:30,0,87,53.92,1455210,16,0,0
955,955,2018-04-17 20:19:17,25,17,415.6,1455557,16,1,3
956,956,2018-04-17 21:27:03,32,88,67.36,1459623,16,0,0
957,957,2018-04-17 22:51:37,1,5,15.56,1464697,16,0,0
958,958,2018-04-17 22:52:01,1,5,38.97,1464721,16,0,0
959,959,2018-04-17 23:29:59,16,3,65.93,1466999,16,0,0
960,960,2018-04-18 01:55:39,47,17,467.84999999999997,1475739,17,1,3
961,961,2018-04-18 02:33:33,33,64,34.94,1478013,17,0,0
962,962,2018-04-18 03:28:18,41,79,6.73,1481298,17,0,0
963,963,2018-04-18 04:53:14,31,8,4.35,1486394,17,0,0
964,964,2018-04-18 05:29:50,33,64,22.5,1488590,17,0,0
965,965,2018-04-18 05:39:41,41,79,9.21,1489181,17,0,0
966,966,2018-04-18 06:30:22,46,52,78.24,1492222,17,0,0
967,967,2018-04-18 07:48:05,40,31,55.84,1496885,17,0,0
968,968,2018-04-18 08:09:40,49,26,5.3,1498180,17,1,2
969,969,2018-04-18 08:25:04,38,93,3.84,1499104,17,1,2
970,970,2018-04-18 08:32:24,46,52,46.11,1499544,17,0,0
971,971,2018-04-18 08:39:41,38,78,14.62,1499981,17,0,0
972,972,2018-04-18 09:01:47,3,94,3.95,1501307,17,0,0
973,973,2018-04-18 09:07:25,49,26,48.6,1501645,17,1,3
974,974,2018-04-18 09:09:56,37,54,344.0,1501796,17,1,3
975,975,2018-04-18 09:28:51,1,5,30.26,1502931,17,0,0
976,976,2018-04-18 10:10:23,31,8,6.92,1505423,17,0,0
977,977,2018-04-18 10:17:09,16,3,94.23,1505829,17,0,0
978,978,2018-04-18 10:29:09,35,51,51.19,1506549,17,0,0
979,979,2018-04-18 10:32:56,47,41,31.59,1506776,17,1,2
980,980,2018-04-18 10:46:27,29,48,90.16,1507587,17,0,0
981,981,2018-04-18 10:52:12,1,5,52.22,1507932,17,0,0
982,982,2018-04-18 10:56:14,22,65,227.15,1508174,17,1,3
983,983,2018-04-18 11:03:31,14,90,20.22,1508611,17,0,0
984,984,2018-04-18 11:35:53,22,99,78.89999999999999,1510553,17,1,3
985,985,2018-04-18 11:52:57,32,17,86.97,1511577,17,1,2
986,986,2018-04-18 12:04:13,22,99,21.45,1512253,17,0,0
987,987,2018-04-18 12:12:14,22,99,69.4,1512734,17,1,3
988,988,2018-04-18 12:16:33,40,31,84.84,1512993,17,0,0
989,989,2018-04-18 12:24:39,8,8,10.73,1513479,17,0,0
990,990,2018-04-18 12:31:59,22,65,58.4,1513919,17,0,0
991,991,2018-04-18 12:33:16,38,78,29.43,1513996,17,0,0
992,992,2018-04-18 12:33:33,22,99,29.58,1514013,17,0,0
993,993,2018-04-18 13:00:58,38,93,80.5,1515658,17,1,3
994,994,2018-04-18 13:07:16,1,5,61.96,1516036,17,0,0
995,995,2018-04-18 13:17:41,35,38,60.11,1516661,17,0,0
996,996,2018-04-18 13:24:46,22,65,12.19,1517086,17,0,0
997,997,2018-04-18 13:25:57,5,79,62.03,1517157,17,0,0
998,998,2018-04-18 13:54:48,33,64,39.31,1518888,17,0,0
999,999,2018-04-18 14:17:53,5,79,42.66,1520273,17,0,0
1000,1000,2018-04-18 14:18:40,37,54,80.35,1520320,17,1,3
1001,1001,2018-04-18 14:20:52,9,84,141.95,1520452,17,1,2
1002,1002,2018-04-18 14:50:34,40,31,300.65000000000003,1522234,17,1,3
1003,1003,2018-04-18 14:54:53,40,31,625.0,1522493,17,1,3
1004,1004,2018-04-18 15:00:05,9,84,109.28,1522805,17,1,2
1005,1005,2018-04-18 15:18:08,32,17,66.48,1523888,17,1,2
1006,1006,2018-04-18 15:25:27,47,41,51.77,1524327,17,1,2
1007,1007,2018-04-18 16:17:35,38,78,10.64,1527455,17,0,0
1008,1008,2018-04-18 16:44:42,45,93,61.349999999999994,1529082,17,1,3
1009,1009,2018-04-18 16:51:56,1,5,55.32,1529516,17,0,0
1010,1010,2018-04-18 17:06:41,9,84,144.58,1530401,17,1,2
1011,1011,2018-04-18 17:23:37,9,84,149.31,1531417,17,1,2
1012,1012,2018-04-18 18:36:39,40,31,91.31,1535799,17,0,0
1013,1013,2018-04-18 19:13:33,35,38,54.89,1538013,17,0,0
1014,1014,2018-04-18 19:26:28,49,26,11.13,1538788,17,1,2
1015,1015,2018-04-18 20:12:45,1,5,6.35,1541565,17,0,0
1016,1016,2018-04-18 21:57:23,1,5,43.77,1547843,17,0,0
1017,1017,2018-04-18 23:45:57,25,17,76.3,1554357,17,1,2
